Date,Open,High,Low,Average,Close,Change,Volume,Volume Change
2024-10-01 03:00,5.552536253,5.552536253,3.646100192,4.599318222,3.733438922,0.0,1637056.38006613,0.0
2024-10-01 04:00,3.733438922,4.346693472,3.468197201,3.907445336,4.281023564,14.667030967,10529122.6274543,543.174099296
2024-10-01 05:00,4.281023564,4.547275862,3.973472075,4.260373969,3.998172462,-6.607090525,9989171.51893996,-5.128168107
2024-10-01 06:00,3.998172462,4.532223373,3.950904127,4.24156375,4.3430545,8.625992034,8220003.23275669,-17.710861034
2024-10-01 07:00,4.3430545,4.489455855,4.163360899,4.326408377,4.163360899,-4.137493578,4600824.94202549,-44.028915662
2024-10-01 08:00,4.163360899,4.330491402,4.050959704,4.190725553,4.093093761,-1.687750364,3444902.29935769,-25.124247439
2024-10-01 09:00,4.093093761,4.23259659,4.071257437,4.151927013,4.098594542,0.13439178,3991919.17684466,15.879024424
2024-10-01 10:00,4.098594542,4.172409846,4.051567227,4.111988537,4.083798261,-0.361008664,1822860.78611794,-54.336230135
2024-10-01 11:00,4.083798261,4.117428057,3.751821085,3.934624571,3.815760566,-6.56344114,3307745.07139015,81.459006446
2024-10-01 12:00,3.815760566,3.980278089,3.766093852,3.873185971,3.823658543,0.206983047,6531428.29379296,97.458635803
2024-10-01 13:00,3.823658543,3.934653651,3.755283141,3.844968396,3.916649018,2.43197644,2823783.30150994,-56.76622058
2024-10-01 14:00,3.916649018,3.976910748,3.700563692,3.83873722,3.758667272,-4.033594664,3072397.98409515,8.804311664
2024-10-01 15:00,3.758667272,3.976084828,3.708446642,3.842265735,3.913713164,4.125023061,2888895.13507172,-5.972626267
2024-10-01 16:00,3.913713164,4.046291405,3.891056652,3.968674029,3.947296148,0.858084948,3074278.56711956,6.417104927
2024-10-01 17:00,3.947296148,4.405575878,3.778847925,4.092211902,4.26915337,8.153865584,3914415.11702479,27.327925286
2024-10-01 18:00,4.26915337,4.342998433,4.072245821,4.207622127,4.117785863,-3.545609479,2740869.39203032,-29.980104049
2024-10-01 19:00,4.117785863,4.167697386,3.977114086,4.072405736,4.001457458,-2.825023182,2243267.09954496,-18.154907123
2024-10-01 20:00,4.001457458,4.011409323,3.755938796,3.88367406,3.957800561,-1.091024878,4274409.38583392,90.543934189
2024-10-01 21:00,3.957800561,4.061342387,3.9149017,3.988122043,4.000090016,1.06850897,2839019.99477574,-33.58099942
2024-10-01 22:00,4.000090016,4.033347635,3.815388823,3.924368229,3.821784986,-4.45752543,1877549.83552454,-33.866269382
2024-10-01 23:00,3.821784986,4.043016531,3.821784986,3.932400758,4.011926938,4.975213239,1402078.65216062,-25.324024661
2024-10-02 00:00,4.011926938,4.123088559,3.952167931,4.037628245,3.986635649,-0.630402535,2056183.81432771,46.652529882
2024-10-02 01:00,3.986635649,4.085533383,3.948389674,4.016961528,4.044373879,1.448294632,1714531.24823114,-16.615857187
2024-10-02 02:00,4.044373879,4.21795165,4.006253094,4.112102372,4.11890866,1.842925084,2930264.53129137,70.907618879
2024-10-02 03:00,4.11890866,4.142685054,4.002018486,4.07235177,4.098776666,-0.488770106,1314696.14390744,-55.133875121
2024-10-02 04:00,4.098776666,4.145125523,4.011715209,4.078420366,4.011715209,-2.124083946,1135576.98619957,-13.624376898
2024-10-02 05:00,4.011715209,4.056948546,3.966469314,4.01170893,4.046930738,0.877817269,1433021.61098151,26.193259321
2024-10-02 06:00,4.046930738,4.068402843,3.857002606,3.962702725,3.906942587,-3.459119021,2050882.04711325,43.115918936
2024-10-02 07:00,3.906942587,3.943777056,3.82764725,3.885712153,3.902559149,-0.1121961,2621132.4405867,27.805128738
2024-10-02 08:00,3.902559149,3.948997463,3.875861989,3.912429726,3.89930686,-0.08333735,771317.654998301,-70.573114008
2024-10-02 09:00,3.89930686,3.926850854,3.549144645,3.737997749,3.605546612,-7.53365301,3196763.59696696,314.454871641
2024-10-02 10:00,3.605546612,3.662982067,3.518932412,3.59095724,3.524495995,-2.247942554,1368622.21290488,-57.187256067
2024-10-02 11:00,3.524495995,3.614631596,3.523846443,3.56923902,3.553194098,0.814247002,939520.245616996,-31.352842533
2024-10-02 12:00,3.553194098,3.636686233,3.484452271,3.560569252,3.576026455,0.642586829,2818929.1955751,200.039217752
2024-10-02 13:00,3.576026455,3.659330364,3.552558843,3.605944604,3.639987211,1.788598501,890417.796432748,-68.412906652
2024-10-02 14:00,3.639987211,3.688652618,3.568249001,3.62845081,3.649097257,0.250276865,1183166.13533034,32.877637899
2024-10-02 15:00,3.649097257,3.744563634,3.612009563,3.678286599,3.652572958,0.095248259,1176633.65782609,-0.552118364
2024-10-02 16:00,3.652572958,3.700762993,3.543360941,3.622061967,3.543360941,-2.990002353,905156.553450199,-23.072355832
2024-10-02 17:00,3.543360941,3.590452465,3.508136617,3.549294541,3.517210108,-0.738023391,801642.762054531,-11.436009716
2024-10-02 18:00,3.517210108,3.531494986,3.298014453,3.414754719,3.298014453,-6.232088756,1787817.67571355,123.019250013
2024-10-02 19:00,3.298014453,3.358069832,3.175283722,3.266676777,3.358069832,1.820955632,4478205.36215836,150.484455042
2024-10-02 20:00,3.358069832,3.366050134,3.299067046,3.33255859,3.328951485,-0.867115601,720818.304159079,-83.903857776
2024-10-02 21:00,3.328951485,3.352266322,3.263127753,3.307697038,3.34023123,0.33883777,530311.399408433,-26.429254592
2024-10-02 22:00,3.34023123,3.353321144,3.257952029,3.305636587,3.333528738,-0.200659528,1139579.3267359,114.888710295
2024-10-02 23:00,3.333528738,3.334171505,3.254260487,3.294215996,3.254260487,-2.377908124,944642.247015076,-17.106056169
2024-10-03 00:00,3.254260487,3.308429894,3.194377909,3.251403901,3.263470871,0.283025397,1539079.00344483,62.927183101
2024-10-03 01:00,3.263470871,3.431477357,3.259624191,3.345550774,3.363987539,3.080054082,1726119.2683359,12.152739689
2024-10-03 02:00,3.363987539,3.537672235,3.357203723,3.447437979,3.50614252,4.225787981,1542627.80280607,-10.630288932
2024-10-03 03:00,3.50614252,3.532188769,3.431631136,3.481909952,3.456436125,-1.417694644,1154267.75027946,-25.175227091
2024-10-03 04:00,3.456436125,3.514184548,3.405420829,3.459802688,3.486699258,0.875558857,1047935.94313241,-9.212057352
2024-10-03 05:00,3.486699258,3.521429266,3.412226662,3.466827964,3.412226662,-2.135905347,957728.985635502,-8.608060262
2024-10-03 06:00,3.412226662,3.511795738,3.411882217,3.461838977,3.430379587,0.531996465,1172866.32970634,22.46328004
2024-10-03 07:00,3.430379587,3.453575754,3.376914928,3.415245341,3.376914928,-1.558563945,1068272.74111812,-8.917775704
2024-10-03 08:00,3.376914928,3.412735829,3.282287114,3.347511471,3.282326541,-2.801029591,1393142.90621977,30.410788612
2024-10-03 09:00,3.282326541,3.445799501,3.277131839,3.36146567,3.397394122,3.505671345,1719076.72176809,23.395576584
2024-10-03 10:00,3.397394122,3.451635604,3.376550479,3.414093041,3.432923791,1.045791805,593490.854057956,-65.47618576
2024-10-03 11:00,3.432923791,3.446431133,3.398153087,3.42229211,3.4092028,-0.690985095,283299.900095764,-52.26549859
2024-10-03 12:00,3.4092028,3.491451322,3.381599111,3.436525217,3.465730685,1.658096873,664703.39041072,134.628882744
2024-10-03 13:00,3.465730685,3.511901723,3.399288658,3.455595191,3.432638712,-0.954833947,1219021.98845873,83.39337606
2024-10-03 14:00,3.432638712,3.61742005,3.41693518,3.517177615,3.565317771,3.865220611,3758059.14656502,208.284771082
2024-10-03 15:00,3.565317771,3.660905521,3.44877877,3.554842146,3.660905521,2.681044349,2054108.47923747,-45.34124134
2024-10-03 16:00,3.660905521,3.691003976,3.4568445,3.573924238,3.477081452,-5.021273228,2517788.9053232,22.573317367
2024-10-03 17:00,3.477081452,3.56890722,3.425773643,3.497340432,3.425773643,-1.475599877,1630986.65832055,-35.221469327
2024-10-03 18:00,3.425773643,3.499780332,3.419435392,3.459607862,3.427958347,0.06377259,596858.406567565,-63.405071187
2024-10-03 19:00,3.427958347,3.482108253,3.383917983,3.433013118,3.482108253,1.579654708,499943.548132579,-16.237495756
2024-10-03 20:00,3.482108253,3.482108253,3.333934792,3.408021523,3.353963556,-3.680089401,1525868.31208437,205.208121554
2024-10-03 21:00,3.353963556,3.400007297,3.305778195,3.352892746,3.380114531,0.779703594,425477.891915665,-72.115687275
2024-10-03 22:00,3.380114531,3.399831125,3.347201017,3.373516071,3.347201017,-0.973739603,307195.355215999,-27.799925436
2024-10-03 23:00,3.347201017,3.380963806,3.320732518,3.350848162,3.350000555,0.083638178,337425.394085844,9.840656233
2024-10-04 00:00,3.350000555,3.379319738,3.300428921,3.339874329,3.319338237,-0.915292902,616531.067126974,82.716262004
2024-10-04 01:00,3.319338237,3.418923548,3.280817261,3.349870404,3.402619706,2.50897808,851582.331582606,38.12480457
2024-10-04 02:00,3.402619706,3.522695466,3.401377209,3.462036337,3.503716389,2.97114258,1191104.76039269,39.869595249
2024-10-04 03:00,3.503716389,3.54488611,3.472849526,3.508867818,3.476846911,-0.766885066,661464.650293039,-44.466291103
2024-10-04 04:00,3.476846911,3.499305413,3.417768481,3.458536947,3.417768481,-1.69919562,467704.124543039,-29.292650131
2024-10-04 05:00,3.417768481,3.439538965,3.389867023,3.414702994,3.408064422,-0.283929685,419944.949177922,-10.211407781
2024-10-04 06:00,3.408064422,3.548211037,3.399143601,3.473677319,3.518309254,3.234822424,721437.877740981,71.79344082
2024-10-04 07:00,3.518309254,3.610399238,3.462936383,3.53666781,3.561715845,1.233734382,963430.795860049,33.543140107
2024-10-04 08:00,3.561715845,3.607270204,3.552571585,3.579920894,3.565307054,0.100828055,430813.172098925,-55.283433543
2024-10-04 09:00,3.565307054,3.565631965,3.353859211,3.459745588,3.353859211,-5.930704958,3518854.94362096,716.793722085
2024-10-04 10:00,3.353859211,3.408118759,3.310797436,3.359458097,3.362929759,0.270451062,1978659.90485887,-43.769779188
2024-10-04 11:00,3.362929759,3.418100181,3.351786061,3.384943121,3.371780189,0.263176164,1367561.37377796,-30.884465268
2024-10-04 12:00,3.371780189,3.527272523,3.370162184,3.448717353,3.506375406,3.991814689,1010278.7417088,-26.125528179
2024-10-04 13:00,3.506375406,3.565360443,3.499546031,3.532453237,3.505934516,-0.01257395,1405033.79588525,39.073875147
2024-10-04 14:00,3.505934516,3.524732417,3.44901784,3.486875129,3.44901784,-1.62343807,512803.640670234,-63.502398151
2024-10-04 15:00,3.44901784,3.592319166,3.44901784,3.520668503,3.581235767,3.833495011,825620.448536407,61.001284518
2024-10-04 16:00,3.581235767,3.669228224,3.53393967,3.601583947,3.617439147,1.010918634,1044742.73491913,26.540317257
2024-10-04 17:00,3.617439147,3.637596747,3.574759664,3.606178205,3.609897849,-0.20847062,425780.721523173,-59.245400107
2024-10-04 18:00,3.609897849,3.671014585,3.591732028,3.631373307,3.612153336,0.062480638,629798.168689815,47.916083762
2024-10-04 19:00,3.612153336,3.612977996,3.562913057,3.587945526,3.595693218,-0.455687139,388194.685819589,-38.362049126
2024-10-04 20:00,3.595693218,3.665951715,3.574409323,3.620180519,3.605311493,0.267494315,1675008.27810569,331.486658445
2024-10-04 21:00,3.605311493,3.701824239,3.567794646,3.634809442,3.567794646,-1.040599323,1223916.05599381,-26.930745836
2024-10-04 22:00,3.567794646,3.63242324,3.564156611,3.598289926,3.597181732,0.823676501,398762.302177025,-67.419146091
2024-10-04 23:00,3.597181732,3.624072506,3.57174342,3.597907963,3.572157905,-0.695650902,855087.089452232,114.435287585
2024-10-05 00:00,3.572157905,3.617084705,3.539279488,3.578182097,3.595132709,0.643163168,730783.448110283,-14.536956864
2024-10-05 01:00,3.595132709,3.613610102,3.519047499,3.5663288,3.545635996,-1.376770117,688837.323092,-5.739884384
2024-10-05 02:00,3.545635996,3.594592174,3.529698594,3.562145384,3.572136538,0.747412934,490301.897869086,-28.821815916
2024-10-05 03:00,3.572136538,3.572136538,3.464165685,3.518151111,3.464165685,-3.022584725,713623.395110937,45.547752969
2024-10-05 04:00,3.464165685,3.500530516,3.449404249,3.474967382,3.467489515,0.095948939,339039.025360874,-52.4904834
2024-10-05 05:00,3.467489515,3.498454396,3.460778304,3.47961635,3.460778304,-0.193546689,308014.539089761,-9.15071244
2024-10-05 06:00,3.460778304,3.460778304,3.411623155,3.436200729,3.427348835,-0.965952329,1203278.06816865,290.656256592
2024-10-05 07:00,3.427348835,3.447872082,3.39454809,3.421210086,3.41108681,-0.474478244,900894.858198072,-25.129952749
2024-10-05 08:00,3.41108681,3.467852476,3.411083745,3.439468111,3.420735274,0.282855993,1303696.84277389,44.711320185
2024-10-05 09:00,3.420735274,3.447001982,3.377139471,3.412070727,3.378584236,-1.232221564,3150966.92178279,141.694757431
2024-10-05 10:00,3.378584236,3.39902778,3.354924641,3.37697621,3.357449243,-0.625557689,446146.230018327,-85.840973863
2024-10-05 11:00,3.357449243,3.428884323,3.357320774,3.393102549,3.407628044,1.494551305,506937.057275782,13.625762848
2024-10-05 12:00,3.407628044,3.430363559,3.389135387,3.409749473,3.410446829,0.082719856,519554.390858244,2.488934948
2024-10-05 13:00,3.410446829,3.410446829,3.343810377,3.377128603,3.343810377,-1.953892117,434128.075295783,-16.442227622
2024-10-05 14:00,3.343810377,3.344467438,3.279591068,3.312029253,3.289256328,-1.631493505,350222.494488642,-19.327379541
2024-10-05 15:00,3.289256328,3.307630728,3.257954551,3.28279264,3.259354681,-0.909070139,383926.845369243,9.623696767
2024-10-05 16:00,3.259354681,3.299866535,3.214706221,3.257286378,3.217925966,-1.271071096,670454.863794407,74.630889161
2024-10-05 17:00,3.217925966,3.261691285,3.21731681,3.239504047,3.224616411,0.207911709,327762.402941861,-51.113427519
2024-10-05 18:00,3.224616411,3.233178489,3.179734247,3.206456368,3.201012894,-0.731979063,287553.633020478,-12.267657779
2024-10-05 19:00,3.201012894,3.225722176,3.182654884,3.20418853,3.206476394,0.170680342,250968.716471869,-12.722814928
2024-10-05 20:00,3.206476394,3.228069493,3.164607105,3.196338299,3.177087696,-0.916541827,520920.883355476,107.564070406
2024-10-05 21:00,3.177087696,3.203628765,3.173474526,3.188551646,3.179139993,0.064596795,153736.992746472,-70.487458334
2024-10-05 22:00,3.179139993,3.220220849,3.179139993,3.199680421,3.188365376,0.290184865,413599.3327866,169.030456104
2024-10-05 23:00,3.188365376,3.207039637,3.155499299,3.181269468,3.172306603,-0.503667918,934074.025941973,125.840312567
2024-10-06 00:00,3.172306603,3.209977834,3.170499401,3.190238618,3.187439915,0.47704445,595985.021077713,-36.195097548
2024-10-06 01:00,3.187439915,3.219772952,3.177284948,3.19852895,3.195665623,0.258066291,575427.81075642,-3.449283051
2024-10-06 02:00,3.195665623,3.202044333,3.118383146,3.160213739,3.152834314,-1.340293817,958365.786180681,66.548395518
2024-10-06 03:00,3.152834314,3.181581394,3.081401033,3.131491213,3.081401033,-2.26568461,491389.846400065,-48.726274092
2024-10-06 04:00,3.081401033,3.147841613,3.077779494,3.112810554,3.078749024,-0.086065015,477641.283202014,-2.79789322
2024-10-06 05:00,3.078749024,3.114966306,3.059578237,3.087272272,3.091155868,0.402983281,502144.524283772,5.130050928
2024-10-06 06:00,3.091155868,3.115046952,3.046452192,3.080749572,3.097170698,0.194581913,384984.911165101,-23.331851181
2024-10-06 07:00,3.097170698,3.106454796,3.066203334,3.086329065,3.084774901,-0.400229716,282403.111191148,-26.645667661
2024-10-06 08:00,3.084774901,3.138509061,3.079201419,3.10885524,3.118927267,1.107126696,282198.270992323,-0.072534682
2024-10-06 09:00,3.118927267,3.212945543,3.118874154,3.165909849,3.201708436,2.65415515,510088.336308977,80.755301765
2024-10-06 10:00,3.201708436,3.28617345,3.18267425,3.23442385,3.208133017,0.200661016,1205684.49942879,136.367784481
2024-10-06 11:00,3.208133017,3.228350645,3.190071009,3.209210827,3.190071009,-0.563006837,409550.654195229,-66.031689518
2024-10-06 12:00,3.190071009,3.227977149,3.181308601,3.204642875,3.181308601,-0.274677504,383828.617458135,-6.280550763
2024-10-06 13:00,3.181308601,3.204512806,3.170204131,3.187358468,3.170204131,-0.349053549,172886.132512254,-54.957466784
2024-10-06 14:00,3.170204131,3.281739095,3.170204131,3.225971613,3.266930295,3.051102084,1366795.15449956,690.575354216
2024-10-06 15:00,3.266930295,3.268820587,3.208165475,3.238493031,3.247669742,-0.589561181,1021783.53005312,-25.242379834
2024-10-06 16:00,3.247669742,3.30106905,3.221300037,3.261184543,3.267183301,0.600848005,939196.277851036,-8.082656431
2024-10-06 17:00,3.267183301,3.297756397,3.234680903,3.26621865,3.265818987,-0.04175811,756444.725771543,-19.458291774
2024-10-06 18:00,3.265818987,3.314105139,3.264301489,3.289203314,3.270205129,0.134304505,421605.650269465,-44.264843695
2024-10-06 19:00,3.270205129,3.294061695,3.221517444,3.257789569,3.224541334,-1.396358735,426122.645539252,1.071379206
2024-10-06 20:00,3.224541334,3.251191541,3.21531796,3.23325475,3.21531796,-0.286036765,172849.367978315,-59.436709176
2024-10-06 21:00,3.21531796,3.235467206,3.183726312,3.209596759,3.192127788,-0.721240411,407836.517634686,135.949093945
2024-10-06 22:00,3.192127788,3.228696831,3.191629271,3.210163051,3.208125078,0.501148174,84573.872312427,-79.262800496
2024-10-06 23:00,3.208125078,3.303252881,3.207843056,3.255547968,3.284267687,2.373430193,464962.817430796,449.771229243
2024-10-07 00:00,3.284267687,3.43237709,3.281049564,3.356713327,3.412185841,3.894876014,1177298.14997264,153.202644564
2024-10-07 01:00,3.412185841,3.49267379,3.412168119,3.452420955,3.46880488,1.659318726,1745080.70521404,48.227592582
2024-10-07 02:00,3.46880488,3.550215346,3.46880488,3.509510113,3.530917487,1.790605384,696476.167843597,-60.089171477
2024-10-07 03:00,3.530917487,3.580731001,3.502399909,3.541565455,3.535351968,0.125590036,1411226.79151987,102.623845104
2024-10-07 04:00,3.535351968,3.535351968,3.439147315,3.487249641,3.439147315,-2.721218531,871842.845314837,-38.220925896
2024-10-07 05:00,3.439147315,3.469333239,3.392904515,3.431118877,3.400287428,-1.129927955,478084.88943831,-45.163868465
2024-10-07 06:00,3.400287428,3.45468589,3.376486996,3.415586443,3.45468589,1.599819533,817361.697106292,70.965808618
2024-10-07 07:00,3.45468589,3.45468589,3.382040227,3.418363058,3.382040227,-2.102815305,350935.493793727,-57.064847174
2024-10-07 08:00,3.382040227,3.428438483,3.373498541,3.400968512,3.393088247,0.326667312,381640.062866798,8.749348418
2024-10-07 09:00,3.393088247,3.41400137,3.327406274,3.370703822,3.341761705,-1.512679233,385748.288964528,1.076466152
2024-10-07 10:00,3.341761705,3.415356187,3.316004522,3.365680355,3.415356187,2.20226601,1386329.64281532,259.387113948
2024-10-07 11:00,3.415356187,3.531034082,3.400658507,3.465846295,3.531034082,3.386993579,1781551.38383117,28.508496739
2024-10-07 12:00,3.531034082,3.596540904,3.483268901,3.539904903,3.485988367,-1.275708864,1717451.45785301,-3.597983564
2024-10-07 13:00,3.485988367,3.536546256,3.474775756,3.505661006,3.51125877,0.724913568,1470977.32070908,-14.351155954
2024-10-07 14:00,3.51125877,3.649894626,3.51125877,3.580576698,3.566631015,1.576991291,1867186.06036762,26.935067868
2024-10-07 15:00,3.566631015,3.616924362,3.524632779,3.570778571,3.56091288,-0.160323136,983356.462491068,-47.334843412
2024-10-07 16:00,3.56091288,3.590208697,3.495893473,3.543051085,3.495893473,-1.825919621,852559.372692893,-13.301086105
2024-10-07 17:00,3.495893473,3.52379544,3.478155657,3.500975549,3.491397925,-0.128595113,1384584.71996613,62.403319266
2024-10-07 18:00,3.491397925,3.491397925,3.42113925,3.456268588,3.42113925,-2.012336502,586940.182523899,-57.608936885
2024-10-07 19:00,3.42113925,3.449846048,3.417701047,3.433773548,3.420051429,-0.031797042,216084.233444713,-63.184624281
2024-10-07 20:00,3.420051429,3.428702924,3.373583223,3.401143073,3.373583223,-1.358699052,324508.094621055,50.17666465
2024-10-07 21:00,3.373583223,3.431707441,3.364863573,3.398285507,3.431707441,1.722922299,323524.314113666,-0.303160545
2024-10-07 22:00,3.431707441,3.431707441,3.34235366,3.38703055,3.345803295,-2.503247946,397917.781423218,22.994706754
2024-10-07 23:00,3.345803295,3.398257131,3.310051531,3.354154331,3.368868917,0.689389662,422125.022658698,6.083478137
2024-10-08 00:00,3.368868917,3.37909645,3.334780329,3.35693839,3.346629368,-0.66014884,535018.696317939,26.744132093
2024-10-08 01:00,3.346629368,3.418063454,3.346629368,3.382346411,3.379749407,0.989653654,1310947.81325461,145.028411582
2024-10-08 02:00,3.379749407,3.419055802,3.362898422,3.390977112,3.419055802,1.162997302,562000.483605301,-57.130216937
2024-10-08 03:00,3.419055802,3.457450261,3.40211358,3.42978192,3.42512081,0.177388387,519795.290750627,-7.50981433
2024-10-08 04:00,3.42512081,3.42512081,3.366847806,3.395984308,3.388988584,-1.054918269,494650.385728691,-4.83746303
2024-10-08 05:00,3.388988584,3.428865474,3.362874005,3.39586974,3.388481482,-0.014963232,926215.123616828,87.246416932
2024-10-08 06:00,3.388481482,3.467790253,3.378031108,3.42291068,3.44766836,1.746708015,1070062.54105077,15.530670334
2024-10-08 07:00,3.44766836,3.569085911,3.429044003,3.499064957,3.569085911,3.521729416,1387845.85791356,29.697639593
2024-10-08 08:00,3.569085911,3.633584541,3.561247271,3.597415906,3.622664328,1.501180378,1681734.01847047,21.175850249
2024-10-08 09:00,3.622664328,3.786814985,3.60353289,3.695173937,3.678634987,1.54501367,2895345.38778339,72.164287336
2024-10-08 10:00,3.678634987,3.679722667,3.540935667,3.610329167,3.588911734,-2.439036588,1188232.52127633,-58.96059495
2024-10-08 11:00,3.588911734,3.624371096,3.530399971,3.577385533,3.606407523,0.487495666,889840.244436839,-25.11227992
2024-10-08 12:00,3.606407523,3.855399343,3.606407523,3.730903433,3.745885575,3.867506681,3200404.80909066,259.660605271
2024-10-08 13:00,3.745885575,3.821386843,3.667098015,3.744242429,3.81874761,1.945121744,2339695.43716336,-26.893765735
2024-10-08 14:00,3.81874761,3.923623578,3.742411113,3.833017345,3.854044526,0.924306087,3092553.68007991,32.177617264
2024-10-08 15:00,3.854044526,3.90217525,3.745972697,3.824073973,3.818735839,-0.916146318,1870961.30655934,-39.501088741
2024-10-08 16:00,3.818735839,4.025074221,3.754566371,3.889820296,4.011231374,5.040818287,2822470.73829541,50.856713519
2024-10-08 17:00,4.011231374,4.020852137,3.850643757,3.935747947,3.872254386,-3.464696361,1482162.95455483,-47.487039123
2024-10-08 18:00,3.872254386,3.931282737,3.802104713,3.866693725,3.802104713,-1.811597761,884878.514725574,-40.298162762
2024-10-08 19:00,3.802104713,3.831174026,3.762892746,3.797033386,3.806054511,0.10388451,624573.962794422,-29.416981834
2024-10-08 20:00,3.806054511,3.845010904,3.774553888,3.809782396,3.818256531,0.320594999,784433.239879056,25.594931362
2024-10-08 21:00,3.818256531,3.830112059,3.775161413,3.802636736,3.800647927,-0.461168709,490014.48908309,-37.532671466
2024-10-08 22:00,3.800647927,3.801296151,3.731401016,3.766348583,3.731401016,-1.821976457,735620.657089783,50.122225664
2024-10-08 23:00,3.731401016,3.765286985,3.701851032,3.733569008,3.727114576,-0.114874808,580140.740055955,-21.135882406
2024-10-09 00:00,3.727114576,3.758314005,3.661875394,3.7100947,3.668186054,-1.581076226,1123717.52735182,93.697399573
2024-10-09 01:00,3.668186054,3.801359354,3.667214715,3.734287035,3.717584023,1.346659314,1309225.16444589,16.508386901
2024-10-09 02:00,3.717584023,3.798546053,3.674807492,3.736676772,3.726394962,0.23700712,1338161.66485367,2.210200445
2024-10-09 03:00,3.726394962,3.758852794,3.694378776,3.726615785,3.721635229,-0.127730241,571671.30819664,-57.279353967
2024-10-09 04:00,3.721635229,3.972577995,3.721635229,3.847106612,3.933199303,5.684707422,3061236.21202052,435.488867139
2024-10-09 05:00,3.933199303,4.163596986,3.933199303,4.048398144,4.140352133,5.266776836,2554193.21766892,-16.563341057
2024-10-09 06:00,4.140352133,4.141612867,4.071283039,4.106447953,4.096851154,-1.050658901,712826.837727778,-72.09189842
2024-10-09 07:00,4.096851154,4.136364868,3.925645456,4.031005162,3.95126031,-3.553725512,1172665.79113308,64.509208838
2024-10-09 08:00,3.95126031,4.097631274,3.89415367,3.995892472,4.057999373,2.701392841,1162404.46488561,-0.875042687
2024-10-09 09:00,4.057999373,4.122157954,3.958095295,4.040126625,3.958212843,-2.459008008,830059.12571305,-28.591196026
2024-10-09 10:00,3.958212843,4.014948025,3.944780684,3.979864354,3.944780684,-0.339349084,604756.119468935,-27.143006958
2024-10-09 11:00,3.944780684,4.076766538,3.944501113,4.010633825,4.034200363,2.266784542,818837.024442797,35.3995434
2024-10-09 12:00,4.034200363,4.063084541,3.895608204,3.979346372,3.921813039,-2.785863703,999962.369181978,22.119828407
2024-10-09 13:00,3.921813039,3.925284749,3.799183265,3.862234007,3.799183265,-3.12686437,1014433.28926925,1.447146466
2024-10-09 14:00,3.799183265,3.830067049,3.747847285,3.788957167,3.747847285,-1.351237245,688812.584806484,-32.098779477
2024-10-09 15:00,3.747847285,3.855539793,3.741910319,3.798725056,3.805109305,1.527864267,684115.215791926,-0.681951683
2024-10-09 16:00,3.805109305,3.811609353,3.651801503,3.731705428,3.702488497,-2.696921423,681628.96611699,-0.363425578
2024-10-09 17:00,3.702488497,3.760339305,3.680473387,3.720406346,3.725678961,0.626348052,443008.146014774,-35.007435418
2024-10-09 18:00,3.725678961,3.756869343,3.692706158,3.724787751,3.702399265,-0.624844417,271132.601770214,-38.797377834
2024-10-09 19:00,3.702399265,3.751488477,3.678573574,3.715031025,3.729032116,0.719340353,338426.438059023,24.819529577
2024-10-09 20:00,3.729032116,3.751670796,3.632715383,3.69219309,3.634644295,-2.531161406,489659.567110451,44.687149715
2024-10-09 21:00,3.634644295,3.721951323,3.59257742,3.657264372,3.707732891,2.010887175,469397.266353479,-4.138038367
2024-10-09 22:00,3.707732891,3.724788069,3.682456505,3.703622287,3.691692835,-0.432610872,363347.804121898,-22.592688504
2024-10-09 23:00,3.691692835,3.718846218,3.662873341,3.690859779,3.662873341,-0.780657959,212165.224909154,-41.60822702
2024-10-10 00:00,3.662873341,3.752283426,3.662649637,3.707466532,3.730497816,1.846213852,617547.405580217,191.069097608
2024-10-10 01:00,3.730497816,3.838236288,3.664234437,3.751235362,3.717250255,-0.355115105,1450066.74741798,134.810596614
2024-10-10 02:00,3.717250255,3.725318305,3.654727854,3.69002308,3.678356562,-1.046302771,645572.789437246,-55.479788045
2024-10-10 03:00,3.678356562,3.718063618,3.62548073,3.671772174,3.669403596,-0.243395829,632394.497324437,-2.041333267
2024-10-10 04:00,3.669403596,3.678457607,3.627522021,3.652989814,3.666099241,-0.090051549,377463.984258682,-40.311943596
2024-10-10 05:00,3.666099241,3.76526122,3.644053407,3.704657314,3.733732545,1.844830153,581426.02321654,54.034834438
2024-10-10 06:00,3.733732545,3.75129312,3.684010887,3.717652003,3.688157605,-1.22062681,320220.434705684,-44.924990984
2024-10-10 07:00,3.688157605,3.696699647,3.655881005,3.676290326,3.655881005,-0.875141562,267952.671264721,-16.32243223
2024-10-10 08:00,3.655881005,3.679188688,3.590961033,3.63507486,3.590961033,-1.775768185,460794.670586518,71.968679548
2024-10-10 09:00,3.590961033,3.5973735,3.477444254,3.537408877,3.499218966,-2.55480542,526635.121377298,14.288457526
2024-10-10 10:00,3.499218966,3.599173729,3.495296472,3.547235101,3.575074178,2.167775509,367484.102788761,-30.220357915
2024-10-10 11:00,3.575074178,3.732361259,3.56517731,3.648769284,3.732361259,4.399547336,673574.273593579,83.29344548
2024-10-10 12:00,3.732361259,3.775284471,3.671412542,3.723348506,3.671412542,-1.632980105,1847971.4545521,174.353033808
2024-10-10 13:00,3.671412542,3.757403281,3.64400046,3.700701871,3.676735316,0.144978929,780683.139487814,-57.754588819
2024-10-10 14:00,3.676735316,3.763063909,3.653353926,3.708208918,3.74063174,1.737857579,743159.699311805,-4.806487841
2024-10-10 15:00,3.74063174,3.827355107,3.705155191,3.766255149,3.792555266,1.388095124,1072079.4384994,44.259630802
2024-10-10 16:00,3.792555266,3.80875445,3.651017781,3.729886116,3.651017781,-3.73198214,784106.256758677,-26.861179442
2024-10-10 17:00,3.651017781,3.678892895,3.601276274,3.640084585,3.605427158,-1.248709976,431253.212382066,-45.000666853
2024-10-10 18:00,3.605427158,3.693948368,3.58355672,3.638752544,3.674082727,1.904228428,1031012.5330768,139.073589129
2024-10-10 19:00,3.674082727,3.737985023,3.659522344,3.698753683,3.721953278,1.302925229,532810.153240206,-48.321660877
2024-10-10 20:00,3.721953278,3.744148831,3.675828826,3.709988828,3.676110784,-1.231678384,373622.42471336,-29.877007328
2024-10-10 21:00,3.676110784,3.703832537,3.653842309,3.678837423,3.689280482,0.358250867,431983.456621743,15.620323634
2024-10-10 22:00,3.689280482,3.689280482,3.630394378,3.65983743,3.648506072,-1.105213071,319342.005395761,-26.07540856
2024-10-10 23:00,3.648506072,3.745468241,3.644510013,3.694989127,3.704716776,1.540649862,504924.211837657,58.113935313
2024-10-11 00:00,3.704716776,3.767003249,3.704716776,3.735860013,3.761012265,1.519562556,555154.700429183,9.948124375
2024-10-11 01:00,3.761012265,3.797641848,3.728116038,3.762878943,3.775228511,0.377989884,662462.50404824,19.329351537
2024-10-11 02:00,3.775228511,3.781309758,3.693761284,3.737535521,3.718417933,-1.50482487,479549.095871175,-27.611133771
2024-10-11 03:00,3.718417933,3.80176271,3.70033286,3.751047785,3.777793047,1.596784301,630442.130911782,31.465607242
2024-10-11 04:00,3.777793047,3.904815094,3.777793047,3.841304071,3.809780479,0.846722704,1026173.35609873,62.77042821
2024-10-11 05:00,3.809780479,3.849633178,3.68756948,3.768601329,3.68756948,-3.207822589,1077732.51605008,5.024410315
2024-10-11 06:00,3.68756948,3.746987805,3.681152992,3.714070399,3.721735559,0.926520292,376859.026509212,-65.032230085
2024-10-11 07:00,3.721735559,3.753442125,3.709490675,3.7314664,3.732197408,0.281101355,240691.636342058,-36.132182219
2024-10-11 08:00,3.732197408,3.897629566,3.732197408,3.814913487,3.83638804,2.791669888,1025107.51885585,325.900764329
2024-10-11 09:00,3.83638804,3.895311172,3.824868943,3.860090058,3.854657156,0.476206172,612202.165497132,-40.279223961
2024-10-11 10:00,3.854657156,3.854657156,3.767714054,3.811185605,3.76777278,-2.254010475,616078.651416173,0.633203562
2024-10-11 11:00,3.76777278,3.799243801,3.741775142,3.770509471,3.750628023,-0.45503692,343587.015739565,-44.230007816
2024-10-11 12:00,3.750628023,3.758691062,3.72560408,3.742147571,3.756683389,0.161449399,209995.207745251,-38.88150654
2024-10-11 13:00,3.756683389,3.762747348,3.714568072,3.73865771,3.731127984,-0.680265081,256644.155208625,22.214291442
2024-10-11 14:00,3.731127984,3.879573648,3.731127984,3.805350816,3.879573648,3.978573363,881863.045707334,243.613142092
2024-10-11 15:00,3.879573648,3.966559453,3.844609905,3.905584679,3.928562697,1.262743092,952460.716235072,8.005514107
2024-10-11 16:00,3.928562697,4.119087373,3.925114698,4.022101036,4.004004167,1.920332614,1432709.84715855,50.421935807
2024-10-11 17:00,4.004004167,4.05798545,3.982882302,4.020433876,3.999853825,-0.103654796,834584.25168079,-41.747852621
2024-10-11 18:00,3.999853825,4.000907174,3.940106524,3.970506849,3.949127902,-1.268194416,713665.12261537,-14.488546701
2024-10-11 19:00,3.949127902,4.0041241,3.918683817,3.961403959,3.918683817,-0.770906522,497498.308824428,-30.289670455
2024-10-11 20:00,3.918683817,3.959089987,3.917296229,3.938193108,3.93814902,0.496728069,246623.789262565,-50.427210528
2024-10-11 21:00,3.93814902,4.001099878,3.937944656,3.969522267,3.972757397,0.878798051,233672.496747554,-5.251436836
2024-10-11 22:00,3.972757397,4.002658815,3.934381036,3.968519926,3.947296854,-0.640878356,289957.773748154,24.08724937
2024-10-11 23:00,3.947296854,3.970987244,3.909087584,3.940037414,3.909087584,-0.967985746,286649.710613403,-1.140877546
2024-10-12 00:00,3.909087584,3.936937924,3.883972746,3.910455335,3.883972746,-0.642473146,447255.489178705,56.028585629
2024-10-12 01:00,3.883972746,3.917860909,3.86978704,3.893823974,3.893608252,0.248083791,272649.206692811,-39.039494587
2024-10-12 02:00,3.893608252,3.945293572,3.874394294,3.909843933,3.889612547,-0.102622174,511337.377594247,87.544054794
2024-10-12 03:00,3.889612547,3.957961001,3.857076449,3.907518725,3.936742803,1.211695396,592420.317410964,15.857033608
2024-10-12 04:00,3.936742803,3.981870929,3.927812472,3.954841701,3.95367208,0.430032581,399616.958254617,-32.545028165
2024-10-12 05:00,3.95367208,3.964614446,3.900576281,3.932595363,3.964614446,0.276764638,495346.191510532,23.955247964
2024-10-12 06:00,3.964614446,4.009970042,3.945771161,3.977870601,3.966615906,0.050483081,356012.117119958,-28.128625349
2024-10-12 07:00,3.966615906,4.011322927,3.935417587,3.973370257,3.935417587,-0.786522307,493941.156132326,38.742793399
2024-10-12 08:00,3.935417587,3.955401775,3.906471869,3.930936822,3.929981232,-0.138139195,309374.480414133,-37.366126193
2024-10-12 09:00,3.929981232,3.961707712,3.904220257,3.932963985,3.937941229,0.202545416,307801.747519474,-0.508358961
2024-10-12 10:00,3.937941229,3.969211256,3.913063597,3.941137426,3.938618531,0.01719939,351884.068368331,14.321660356
2024-10-12 11:00,3.938618531,3.938618531,3.8678946,3.903256565,3.8678946,-1.795653244,347143.2149945,-1.347277072
2024-10-12 12:00,3.8678946,3.900390383,3.857786828,3.879088606,3.87670667,0.227826027,347853.791927467,0.204692733
2024-10-12 13:00,3.87670667,3.879386586,3.795785477,3.837586031,3.822763744,-1.391462685,533368.045272522,53.331099919
2024-10-12 14:00,3.822763744,3.857357721,3.796418714,3.826888217,3.830072743,0.191196744,586595.354546565,9.979470976
2024-10-12 15:00,3.830072743,3.868745308,3.815467102,3.842106205,3.861391577,0.817708571,275174.681666098,-53.089522525
2024-10-12 16:00,3.861391577,3.866650879,3.805522833,3.836086856,3.806361735,-1.425129777,327382.22961844,18.972511438
2024-10-12 17:00,3.806361735,3.820661611,3.793940439,3.807301025,3.816818253,0.27471162,75998.360146501,-76.786046013
2024-10-12 18:00,3.816818253,3.816818253,3.772349549,3.794583901,3.781636901,-0.921745552,173853.054674103,128.758955245
2024-10-12 19:00,3.781636901,3.806628623,3.769860342,3.788244483,3.775827218,-0.153628785,150530.950941537,-13.414836901
2024-10-12 20:00,3.775827218,3.804913803,3.767262986,3.786088394,3.783035433,0.190904262,116041.702725632,-22.911732106
2024-10-12 21:00,3.783035433,3.820408245,3.783035433,3.801721839,3.789948596,0.182741147,137876.173795365,18.816055398
2024-10-12 22:00,3.789948596,3.789948596,3.751308727,3.770628661,3.751308727,-1.019535427,253650.785324464,83.969991582
2024-10-12 23:00,3.751308727,3.761999674,3.735641378,3.748820526,3.735641378,-0.417650214,69297.558595212,-72.679935327
2024-10-13 00:00,3.735641378,3.75790482,3.721976107,3.739940464,3.721976107,-0.365807886,149669.086682022,115.980316935
2024-10-13 01:00,3.721976107,3.721976107,3.634459795,3.678217951,3.683941651,-1.021888768,525110.724834797,250.847817994
2024-10-13 02:00,3.683941651,3.741915449,3.682456416,3.712185933,3.713222486,0.794823504,292014.113631985,-44.389992468
2024-10-13 03:00,3.713222486,3.713222486,3.683265484,3.698243985,3.685630432,-0.743075691,116663.963202651,-60.048518973
2024-10-13 04:00,3.685630432,3.731878538,3.684532965,3.708205752,3.710552728,0.676201721,115677.358630979,-0.845680658
2024-10-13 05:00,3.710552728,3.76080138,3.69260263,3.726702005,3.694237838,-0.439688957,348707.992092616,201.448784982
2024-10-13 06:00,3.694237838,3.694237838,3.627491476,3.660864657,3.628663649,-1.775039718,293921.179578986,-15.711372769
2024-10-13 07:00,3.628663649,3.664318853,3.627040139,3.645679496,3.660940783,0.889504713,100403.346216666,-65.840043797
2024-10-13 08:00,3.660940783,3.671889648,3.617800489,3.644845068,3.617800489,-1.178393663,268393.479432155,167.31527339
2024-10-13 09:00,3.617800489,3.64444776,3.607559335,3.626003548,3.619836028,0.056264546,132265.532786896,-50.719543162
2024-10-13 10:00,3.619836028,3.670179118,3.619766661,3.64497289,3.6491761,0.810535948,146129.578923309,10.481979579
2024-10-13 11:00,3.6491761,3.671078175,3.579010662,3.625044419,3.599931311,-1.349476911,295580.080492727,102.27258757
2024-10-13 12:00,3.599931311,3.72719924,3.579951959,3.653575599,3.615213228,0.424505794,1458459.00788993,393.422630327
2024-10-13 13:00,3.615213228,3.678730175,3.615213228,3.646971701,3.656836795,1.151344716,201501.80074152,-86.183924289
2024-10-13 14:00,3.656836795,3.678856763,3.633889752,3.656373257,3.633889752,-0.627510725,197156.802284313,-2.156307508
2024-10-13 15:00,3.633889752,3.660444076,3.53401887,3.597231473,3.53401887,-2.748318987,554794.829993812,181.397762373
2024-10-13 16:00,3.53401887,3.64967817,3.5247283,3.587203235,3.549117914,0.427248554,1226167.3264894,121.012752859
2024-10-13 17:00,3.549117914,3.700853025,3.548709214,3.62478112,3.548709214,-0.01151555,2553250.71253409,108.230202956
2024-10-13 18:00,3.548709214,3.548709214,3.496644334,3.522676774,3.496644334,-1.467149793,192068.119695909,-92.477506468
2024-10-13 19:00,3.496644334,3.526917898,3.496515674,3.511716786,3.503688826,0.201464347,76624.794273213,-60.105407189
2024-10-13 20:00,3.503688826,3.515156519,3.483611922,3.499384221,3.484831844,-0.538203648,96832.43597135,26.372197002
2024-10-13 21:00,3.484831844,3.544643471,3.484831844,3.514737658,3.523161552,1.099901199,164087.429511931,69.455025959
2024-10-13 22:00,3.523161552,3.59253312,3.522615071,3.557574095,3.543524426,0.577971635,356413.183649361,117.209316222
2024-10-13 23:00,3.543524426,3.591391348,3.536045698,3.563718523,3.569206864,0.72477101,159574.023211611,-55.227800056
2024-10-14 00:00,3.569206864,3.569206864,3.482990196,3.52609853,3.482990196,-2.415569387,350518.609122201,119.658940765
2024-10-14 01:00,3.482990196,3.554749798,3.482990196,3.518869997,3.536160447,1.52656909,210063.405336073,-40.070683875
2024-10-14 02:00,3.536160447,3.557565699,3.500580017,3.529072858,3.500580017,-1.006188232,141808.86037422,-32.492353846
2024-10-14 03:00,3.500580017,3.636368456,3.489698557,3.563033507,3.622837137,3.492481803,261824.529662305,84.631996175
2024-10-14 04:00,3.622837137,3.643805931,3.590143282,3.616974606,3.603277398,-0.539901138,351492.961943726,34.247529212
2024-10-14 05:00,3.603277398,3.620410344,3.571017696,3.59571402,3.576564483,-0.741350509,176800.948685503,-49.700003178
2024-10-14 06:00,3.576564483,3.671584721,3.576564483,3.624074602,3.651566225,2.097033145,210368.199489084,18.98589971
2024-10-14 07:00,3.651566225,3.67838084,3.633757615,3.656069228,3.657168869,0.153431241,261389.516381782,24.253341055
2024-10-14 08:00,3.657168869,3.689746782,3.615709226,3.652728004,3.615709226,-1.133654049,189569.593362876,-27.476206396
2024-10-14 09:00,3.615709226,3.636695253,3.602115568,3.619405411,3.602496455,-0.36542682,122765.391252711,-35.239935332
2024-10-14 10:00,3.602496455,3.617259374,3.579475873,3.598367623,3.617259374,0.409796907,473540.946540947,285.728373208
2024-10-14 11:00,3.617259374,3.663585768,3.605317878,3.634451823,3.605317878,-0.3301255,299934.436972005,-36.661351217
2024-10-14 12:00,3.605317878,3.617957137,3.581000614,3.599478876,3.596511305,-0.2442662,755616.612086302,151.927261076
2024-10-14 13:00,3.596511305,3.629250171,3.594630441,3.611940306,3.619183435,0.630392301,348277.880099023,-53.908122912
2024-10-14 14:00,3.619183435,3.761855064,3.619183435,3.69051925,3.719135001,2.761715927,761111.74021128,118.535768047
2024-10-14 15:00,3.719135001,3.786647682,3.636841511,3.711744597,3.658277048,-1.636346957,1150862.72173793,51.20811583
2024-10-14 16:00,3.658277048,3.675825335,3.621204048,3.648514692,3.656778859,-0.040953418,172327.958903132,-85.026193338
2024-10-14 17:00,3.656778859,3.681703006,3.635616764,3.658659885,3.681703006,0.68158748,81282.646456029,-52.832583306
2024-10-14 18:00,3.681703006,3.681703006,3.633590811,3.657646908,3.679535264,-0.058878783,186893.694717604,129.930622176
2024-10-14 19:00,3.679535264,3.70144773,3.665068939,3.683258334,3.678037009,-0.04071859,168216.527299973,-9.993471126
2024-10-14 20:00,3.678037009,3.738924504,3.678037009,3.708480756,3.696284199,0.496112195,1390945.8888073,726.878256931
2024-10-14 21:00,3.696284199,3.736458456,3.686422489,3.711440473,3.708515855,0.330917613,770756.170501318,-44.587623666
2024-10-14 22:00,3.708515855,3.742453008,3.708515855,3.725484432,3.731968591,0.632402203,896736.387654479,16.34501571
2024-10-14 23:00,3.731968591,3.810561921,3.730668444,3.770615182,3.768561131,0.980515757,364276.523642286,-59.377524024
2024-10-15 00:00,3.768561131,3.808100973,3.715553296,3.761827134,3.715553296,-1.406580197,560398.542218535,53.838775174
2024-10-15 01:00,3.715553296,3.72436004,3.683110775,3.703735407,3.72436004,0.237023762,202719.589159701,-63.825817898
2024-10-15 02:00,3.72436004,3.749801715,3.652783015,3.701292365,3.652783015,-1.92186107,428905.319502855,111.575665322
2024-10-15 03:00,3.652783015,3.672044386,3.626885156,3.649464771,3.632470323,-0.556088094,148944.690144695,-65.273293808
2024-10-15 04:00,3.632470323,3.651201129,3.615185615,3.633193372,3.651201129,0.515649248,112154.303614881,-24.70070366
2024-10-15 05:00,3.651201129,3.663698359,3.541301277,3.602499818,3.556069574,-2.605486562,492701.751041467,339.307039642
2024-10-15 06:00,3.556069574,3.577542294,3.517827002,3.547684648,3.55683988,0.021661732,278745.216524785,-43.425162193
2024-10-15 07:00,3.55683988,3.597279653,3.541581285,3.569430469,3.5871355,0.851756627,562128.980112939,101.664081315
2024-10-15 08:00,3.5871355,3.608518187,3.564885917,3.586702052,3.568198538,-0.527913192,204263.23045434,-63.662568969
2024-10-15 09:00,3.568198538,3.584111621,3.516585563,3.550348592,3.529719994,-1.078374544,437850.20933309,114.355862462
2024-10-15 10:00,3.529719994,3.558095301,3.51792705,3.538011176,3.537446393,0.218895521,138511.198994051,-68.365620013
2024-10-15 11:00,3.537446393,3.537446393,3.427518083,3.482482238,3.427518083,-3.107561136,567687.66232784,309.849648585
2024-10-15 12:00,3.427518083,3.497098223,3.427518083,3.462308153,3.476654741,1.433592951,219263.326259698,-61.376062788
2024-10-15 13:00,3.476654741,3.605375887,3.475691155,3.540533521,3.602122188,3.608855537,402184.251471547,83.425225884
2024-10-15 14:00,3.602122188,3.637731626,3.512799224,3.575265425,3.51456951,-2.430586014,1019131.89026715,153.399253337
2024-10-15 15:00,3.51456951,3.555582089,3.458202335,3.506892212,3.544891276,0.86274481,1291758.37811332,26.750854374
2024-10-15 16:00,3.544891276,3.609747885,3.544891276,3.577319581,3.588668924,1.234950386,198710.651781457,-84.617041767
2024-10-15 17:00,3.588668924,3.610844016,3.545431931,3.578137973,3.545431931,-1.204819784,173178.901440897,-12.848707461
2024-10-15 18:00,3.545431931,3.563408692,3.527068133,3.545238412,3.527698853,-0.500166932,174838.168856839,0.958123306
2024-10-15 19:00,3.527698853,3.527766124,3.495992555,3.51187934,3.495992555,-0.898781308,153800.645029684,-12.032569298
2024-10-15 20:00,3.495992555,3.519854251,3.445526433,3.482690342,3.458012903,-1.086376812,303107.432552897,97.07812831
2024-10-15 21:00,3.458012903,3.467848915,3.437368031,3.452608473,3.457789633,-0.006456584,79448.439130765,-73.788686585
2024-10-15 22:00,3.457789633,3.48746805,3.453173433,3.470320742,3.463510304,0.165442985,213368.005192957,168.561607412
2024-10-15 23:00,3.463510304,3.495535218,3.46342387,3.479479544,3.480649126,0.494839661,92155.074171075,-56.809328518
2024-10-16 00:00,3.480649126,3.534906484,3.480649126,3.507777805,3.512161775,0.905367011,214634.873666187,132.906191652
2024-10-16 01:00,3.512161775,3.537440789,3.473357457,3.505399123,3.480235998,-0.909006451,396380.798751882,84.676791791
2024-10-16 02:00,3.480235998,3.582569131,3.479884457,3.531226794,3.582569131,2.940407867,437886.849456394,10.471256639
2024-10-16 03:00,3.582569131,3.589809181,3.541566104,3.565687642,3.541566104,-1.14451462,170351.735225999,-61.09685974
2024-10-16 04:00,3.541566104,3.541566104,3.443211383,3.492388744,3.443211383,-2.777153313,470277.3942546,176.062579363
2024-10-16 05:00,3.443211383,3.472709045,3.425085792,3.448897419,3.425085792,-0.526415289,227935.139604451,-51.531767763
2024-10-16 06:00,3.425085792,3.443274415,3.32518246,3.384228437,3.32518246,-2.916812556,789064.419091052,246.179365086
2024-10-16 07:00,3.32518246,3.349576669,3.291225787,3.320401228,3.331122713,0.178644435,295231.780209167,-62.584578259
2024-10-16 08:00,3.331122713,3.351596258,3.313070535,3.332333396,3.326331988,-0.143817145,164704.966822896,-44.211640527
2024-10-16 09:00,3.326331988,3.347055003,3.321436334,3.334245669,3.321436334,-0.147178735,85319.534998317,-48.198565809
2024-10-16 10:00,3.321436334,3.342826565,3.305588199,3.324207382,3.322702944,0.038134411,106038.722635477,24.284224753
2024-10-16 11:00,3.322702944,3.411120841,3.32024555,3.365683195,3.35898749,1.092018953,462973.336520858,336.607802333
2024-10-16 12:00,3.35898749,3.363727353,3.323672102,3.343699728,3.342161868,-0.500913513,165943.0427767,-64.157105888
2024-10-16 13:00,3.342161868,3.342161868,3.296430344,3.319296106,3.296430344,-1.368321639,115814.322363552,-30.208389321
2024-10-16 14:00,3.296430344,3.339159687,3.254619107,3.296889397,3.293287779,-0.095332374,361820.8099323,212.414563716
2024-10-16 15:00,3.293287779,3.325927147,3.290828523,3.308377835,3.299810192,0.198051713,123070.32092494,-65.98583676
2024-10-16 16:00,3.299810192,3.299810192,3.249597049,3.27470362,3.293418382,-0.193702339,203049.679639287,64.986715004
2024-10-16 17:00,3.293418382,3.305115519,3.270956166,3.288035842,3.270956166,-0.682033476,134851.705053438,-33.586841756
2024-10-16 18:00,3.270956166,3.321125295,3.270956166,3.296040731,3.302845543,0.974925213,156141.832815458,15.787807617
2024-10-16 19:00,3.302845543,3.323492418,3.289028661,3.30626054,3.289028661,-0.418332655,68768.611967021,-55.957599109
2024-10-16 20:00,3.289028661,3.330533836,3.287194343,3.308864089,3.310553235,0.654435579,173051.985779327,151.643854412
2024-10-16 21:00,3.310553235,3.341330251,3.310553235,3.325941743,3.321557759,0.332407414,58374.850924869,-66.267448095
2024-10-16 22:00,3.321557759,3.358574301,3.320090852,3.339332576,3.358574301,1.11443317,104566.388387959,79.129174176
2024-10-16 23:00,3.358574301,3.358574301,3.328916144,3.343745222,3.328916144,-0.883057933,59179.757188107,-43.404608211
2024-10-17 00:00,3.328916144,3.369258753,3.32823948,3.348749117,3.349626251,0.622127613,109934.264407926,85.763290746
2024-10-17 01:00,3.349626251,3.377608295,3.349188897,3.363398596,3.373831451,0.722623926,40526.923858575,-63.135311746
2024-10-17 02:00,3.373831451,3.399291421,3.345419551,3.372355486,3.365571012,-0.244838528,93653.877132898,131.090515184
2024-10-17 03:00,3.365571012,3.365571012,3.344879242,3.355225127,3.345261275,-0.603455899,30576.544089774,-67.351544831
2024-10-17 04:00,3.345261275,3.3555112,3.317197798,3.336354499,3.334815605,-0.312252758,367229.110734686,1101.015751344
2024-10-17 05:00,3.334815605,3.334815605,3.297625702,3.316220653,3.302878764,-0.957679342,233478.328976362,-36.421617418
2024-10-17 06:00,3.302878764,3.315557644,3.282962982,3.299260313,3.282962982,-0.60298254,52200.608850927,-77.642203848
2024-10-17 07:00,3.282962982,3.282962982,3.212062471,3.247512726,3.212062471,-2.159650042,253141.188671453,384.939149645
2024-10-17 08:00,3.212062471,3.232092347,3.196436111,3.214264229,3.196436111,-0.486489916,65413.385713449,-74.159327426
2024-10-17 09:00,3.196436111,3.218497215,3.193092123,3.205794669,3.193092123,-0.104616126,63236.461507084,-3.327949139
2024-10-17 10:00,3.193092123,3.220841086,3.185419192,3.203130139,3.185419192,-0.240297841,57117.273221983,-9.676677251
2024-10-17 11:00,3.185419192,3.186329459,3.164482447,3.175405953,3.179474563,-0.186619991,60838.580342881,6.51520444
2024-10-17 12:00,3.179474563,3.206284145,3.179474563,3.192879354,3.206284145,0.843207944,85136.536515509,39.938400988
2024-10-17 13:00,3.206284145,3.207322497,3.183334609,3.195328553,3.197110391,-0.286117927,19586.985477377,-76.99344338
2024-10-17 14:00,3.197110391,3.197110391,3.137291999,3.167201195,3.167591389,-0.923302557,173397.071271861,785.266757726
2024-10-17 15:00,3.167591389,3.248284953,3.135524815,3.191904884,3.228972761,1.937793257,351738.89357654,102.851692359
2024-10-17 16:00,3.228972761,3.228972761,3.19660238,3.212787571,3.19660238,-1.002497807,131689.98497389,-62.560300445
2024-10-17 17:00,3.19660238,3.216205852,3.15645468,3.186330266,3.15645468,-1.255949128,123198.01088588,-6.448458544
2024-10-17 18:00,3.15645468,3.16851807,3.12219968,3.145358875,3.137361364,-0.604897529,255505.843701727,107.394455369
2024-10-17 19:00,3.137361364,3.155546808,3.137361364,3.146454086,3.141679114,0.137623602,10106.817007987,-96.044389098
2024-10-17 20:00,3.141679114,3.175972921,3.141513853,3.158743387,3.17520664,1.067184921,28905.894914863,186.003940628
2024-10-17 21:00,3.17520664,3.176438223,3.154581085,3.165509654,3.158265146,-0.53355561,20937.485048014,-27.566729521
2024-10-17 22:00,3.158265146,3.18849111,3.158147613,3.173319361,3.173734818,0.489815472,25987.32297202,24.118646114
2024-10-17 23:00,3.173734818,3.243836997,3.171279821,3.207558409,3.243836997,2.208822827,180247.933055583,593.599464822
2024-10-18 00:00,3.243836997,3.337262308,3.243836997,3.290549653,3.305764304,1.909075801,643496.652915305,257.006397803
2024-10-18 01:00,3.305764304,3.33784088,3.282898928,3.310369904,3.337709331,0.966343137,179799.420731632,-72.058996746
2024-10-18 02:00,3.337709331,3.402075728,3.337709331,3.369892529,3.386074489,1.449052449,218567.878374534,21.562059258
2024-10-18 03:00,3.386074489,3.416985932,3.351236289,3.38411111,3.351236289,-1.028866923,169036.306815528,-22.661871418
2024-10-18 04:00,3.351236289,3.424356226,3.333211281,3.378783753,3.395369043,1.316909665,329165.503035512,94.730652389
2024-10-18 05:00,3.395369043,3.418978662,3.394884992,3.406931827,3.395031326,-0.009946408,37828.951238133,-88.507619757
2024-10-18 06:00,3.395031326,3.544184382,3.395031326,3.469607854,3.496419758,2.986376901,513687.502413279,1257.921606601
2024-10-18 07:00,3.496419758,3.496419758,3.455793898,3.476106828,3.457608399,-1.110031446,250197.984656113,-51.293737247
2024-10-18 08:00,3.457608399,3.496060246,3.445913827,3.470987037,3.496060246,1.112093747,204336.085684622,-18.330243161
2024-10-18 09:00,3.496060246,3.530967907,3.478761185,3.504864546,3.485844852,-0.292197286,280976.696582309,37.5071347
2024-10-18 10:00,3.485844852,3.501883744,3.422663857,3.462273801,3.422663857,-1.81250165,260245.671676729,-7.378200811
2024-10-18 11:00,3.422663857,3.543036811,3.422663857,3.482850334,3.492431076,2.038389466,1281887.68424443,392.568301323
2024-10-18 12:00,3.492431076,3.527525845,3.483271264,3.505398554,3.483271264,-0.26227612,196096.034193772,-84.702557283
2024-10-18 13:00,3.483271264,3.525022046,3.476966382,3.500994214,3.518861038,1.021734205,334719.305657454,70.691522158
2024-10-18 14:00,3.518861038,3.581600451,3.495263597,3.538432024,3.495472661,-0.664657576,700697.900347267,109.338956106
2024-10-18 15:00,3.495472661,3.613572395,3.495472661,3.554522528,3.604164454,3.109502019,455060.268957897,-35.05613921
2024-10-18 16:00,3.604164454,3.608505077,3.527098787,3.567801932,3.531877735,-2.005644296,523848.153766289,15.116214159
2024-10-18 17:00,3.531877735,3.585368343,3.531877735,3.558623039,3.554640486,0.644494305,269355.893733385,-48.581303228
2024-10-18 18:00,3.554640486,3.567308016,3.522041971,3.544674994,3.561931687,0.205117821,254662.506690394,-5.455008554
2024-10-18 19:00,3.561931687,3.583111458,3.547015321,3.565063389,3.562860068,0.026063965,149748.007245979,-41.197465936
2024-10-18 20:00,3.562860068,3.614533244,3.562860068,3.588696656,3.581101703,0.511994157,424940.062477439,183.770095037
